id;date_accouche;matricule_bebe;sexe_bebe;nom_mere;nom_bebe;prenon_bebe;age_bebe;ta_1_bebe;ta_2_bebe;poids_bebe;taille_bebe;allaitement;conclusion
1;2020-11-08T15:43:07;Lek;blue;bifurcated Horizontal;Supervisor deposit;flexibility SAS;43993;74154;3700;XML context-sensitive orange;XSS Avon indigo;Bedfordshire Rupiah;Rand Namibia Dollar models National
2;2020-11-07T22:30:00;revolutionize monitor Automotive;convergence application;payment Fish Down-sized;Court Ohio;National product;34933;16193;77442;lime;Texas;compress capacitor;functionalities Virtual
3;2020-11-08T18:53:51;systems whiteboard GB;tertiary Specialist New York;calculating microchip;Personal Loan Account;copying portals;835;40336;83213;Intranet Organized;Hat quantifying;Bacon Sausages;synthesizing Kansas
4;2020-11-08T14:05:55;Lek;index Gorgeous Metal Cheese Cambridgeshire;Polarised Concrete Incredible;Plastic protocol;white Incredible;8132;79368;71094;synergy Track;Credit Card Account Legacy Bedfordshire;Hat;District Health
5;2020-11-08T10:24:30;Car India indexing;Kenyan Shilling integrated;panel;withdrawal;Credit Card Account;1241;3279;12588;Cedi indexing;e-enable Gorgeous overriding;Facilitator input;input
6;2020-11-07T21:52:56;Home Loan Account;transform;driver;Adaptive Tennessee;virtual 1080p;18693;54419;35604;Handcrafted Steel Chicken SMTP Intranet;logistical data-warehouse Station;Assimilated Sausages;leverage
7;2020-11-08T17:06:34;IB Implementation Avon;Metal;Generic Montserrat;synthesize Iowa;background;60434;61595;94043;Ball Home Loan Account;networks;Jewelery circuit;deposit application USB
8;2020-11-08T17:30:14;B2B revolutionary;Views Incredible Colombian Peso Unidad de Valor Real;Home Incredible Steel Hat User-friendly;e-tailers Wooden Practical Soft Shirt;Developer Regional composite;78;20329;82253;front-end;synergize;connect;bluetooth Center back up
9;2020-11-08T09:58:19;Product incentivize;Borders e-commerce Bedfordshire;circuit mobile HTTP;Metrics cross-platform synergies;Analyst;93269;49921;73314;e-business Unbranded Incredible Concrete Computer;incubate Mission;bypass District;copy
10;2020-11-08T12:14:07;Security Analyst Associate;Computer;PNG Dong FTP;payment Marketing connecting;THX Shore Car;79464;31518;41504;Rustic Rubber Sausages Maryland;synthesize override Human;world-class RAM;info-mediaries
