id;quartier;commune;ville;code_ville;rue;numero;telephone;portable;prevenir;fax;adresse_mail;adresse_prevenir;adresse_libelle_long;matriculecreation;datecreation;matriculemodif;datemodif
1;Agent;Chair Avon Arizona;payment Avon;Home Loan Account Metal matrix;Home Loan Account back-end back-end;68895;936.888.1019;Mouse deposit;Delaware calculating British Indian Ocean Territory (Chagos Archipelago);Incredible Granite Shirt Officer process improvement;invoice Buckinghamshire;program platforms Argentine Peso;Technician rich;interfaces;2020-11-15T09:16:50;Sleek Concrete Towels online archive;2020-11-14T18:49:17
2;Specialist Cambridgeshire Mozambique;Bedfordshire Buckinghamshire payment;Texas;calculate encompassing;Tanzanian Shilling input lavender;46093;1-280-539-8215;purple innovative;sexy Checking Account;capacitor generate;Checking Account;sky blue invoice;responsive Movies users;collaborative;2020-11-14T16:42:05;Metal communities;2020-11-14T13:19:07
3;feed;Practical;Beauty;Sports;Borders Brand;8173;684.237.7957 x838;Regional connect Plastic;revolutionary Borders Multi-lateral;Inlet input application;Up-sized Berkshire cross-platform;hub Idaho violet;program 1080p copy;monitor quantify target;2020-11-15T09:52:59;CFA Franc BCEAO;2020-11-14T12:42:35
4;red turquoise action-items;Rustic Frozen Salad;Music Bedfordshire;Sri Lanka Rupee connecting reintermediate;Analyst withdrawal web-readiness;66999;(697) 816-8966;Licensed Plastic Hat Bedfordshire;azure Agent transmitter;ADP UIC-Franc Incredible Metal Table;Lodge;Soft Pants bus;Sausages;leverage Belarussian Ruble;2020-11-15T05:56:19;Beauty installation Incredible Fresh Gloves;2020-11-14T20:08:21
5;monitor Buckinghamshire Web;Greens;protocol Movies bypassing;Movies algorithm;microchip;60873;315.498.0613 x87466;implementation grey;Borders incubate Small;Iraq;Cotton;Borders Cayman Islands Dollar Generic Rubber Sausages;Frozen;Chips Dynamic;2020-11-14T15:31:52;Cotton SQL Division;2020-11-15T00:46:14
6;capacity Consultant TCP;incentivize;Pants panel;Morocco Hungary;Gabon;5455;(005) 515-6460 x1538;lavender Universal;parsing Virginia calculate;action-items Granite;Mills;Sleek;Global Kids;Rubber;2020-11-14T11:30:56;seamless Supervisor Tasty;2020-11-15T00:01:22
7;web services New Zealand Dollar;Regional;RSS Rhode Island;Credit Card Account Rand database;Salad Sao Tome and Principe Profound;25761;1-648-121-2164 x21467;Lek hard drive;Square Usability Mandatory;payment card index;Buckinghamshire Associate;extend;Syrian Arab Republic;Avon;2020-11-14T12:35:32;Automated Front-line;2020-11-14T21:57:00
8;invoice ADP Enhanced;Hryvnia Fantastic Frozen Bike;partnerships Electronics;Customer New Hampshire;Colombian Peso Unidad de Valor Real;98184;792-868-7191;Kuwaiti Dinar;Concrete intranet;Open-architected Dobra;SDR;navigate Cambridgeshire;Wyoming Won;override Nevada Concrete;2020-11-14T17:46:05;Direct invoice SCSI;2020-11-15T03:52:18
9;Pizza killer;Mouse;Interactions intangible;withdrawal infomediaries;Representative Arkansas Intelligent Granite Car;49790;(314) 376-7843 x81940;red;Concrete Zambia;compress Dominican Peso;Ergonomic Granite Chicken bandwidth;Oklahoma Intranet;User-friendly driver;Operations;2020-11-14T19:35:46;Paradigm cultivate Assistant;2020-11-14T23:30:26
10;Outdoors 1080p intuitive;deliverables;fault-tolerant bottom-line Georgia;sensor;neural;15261;601.777.0821;blue SAS;California benchmark;Gourde US Dollar Jamaican Dollar;Generic payment;optical;Incredible;Refined;2020-11-14T13:54:12;Lodge Cheese Identity;2020-11-15T04:01:33
