id;motif_admission;evol_jour;evol_synthese;plant_therapeute;prochain_rdv;lieu_rdv;conclusion_sejour;nom_consultant;bilan_admission;rapport
1;implement;red Wooden portal;back up;Beauty;2020-11-07T07:29:40;back-end time-frame;auxiliary Intelligent Granite Hat Tunnel;real-time Licensed;PCI;initiatives Swedish Krona transmitting
2;Small Wooden Ball;transitional Home Loan Account;Paradigm;Berkshire Customizable Buckinghamshire;2020-11-07T04:41:24;Bike;Luxembourg;Movies drive innovate;Buckinghamshire;Wooden
3;Officer National deposit;AGP;Czech Koruna interface;Rustic Metal Sausages;2020-11-07T15:13:10;bluetooth;FTP;Gloves;Oregon;FTP
4;Vatu;Plains;copying Awesome Plastic Salad;Rustic Steel Gloves feed;2020-11-07T14:01:37;Forward;matrix Analyst;didactic Refined Granite Pants;indigo;gold Hat
5;Central back up;access platforms background;Pizza back-end;Personal Loan Account;2020-11-06T16:13:25;Tennessee;convergence District;Kids Soft;Gorgeous Steel Table;Investment Account cross-media olive
6;Music Developer cross-platform;Regional reboot;CFA Franc BCEAO cross-platform;Fish Borders;2020-11-06T23:48:30;orange;Auto Loan Account navigate;leverage deliver Towels;Illinois;virtual moderator
7;brand optical solution;Shoes TCP Developer;Rubber;neural Shoes Soft;2020-11-07T12:22:44;incubate;wireless Compatible SQL;Glen Savings Account;initiatives Cambridgeshire capacitor;complexity
8;Fish;Buckinghamshire Rubber;motivating Belize Dollar Iowa;Integrated;2020-11-07T08:46:47;EXE bypass Money Market Account;Cliff Granite;Personal Loan Account;deliver Planner Mobility;Handcrafted navigate
9;payment neural;Bacon Buckinghamshire;Keyboard Keyboard;Communications;2020-11-07T03:43:47;haptic parse Incredible;Central;invoice;Nakfa Alaska;Metrics Avon
10;Executive;Avon overriding;Cambridgeshire CSS Facilitator;Associate;2020-11-06T23:50:08;parse;web-enabled Orchestrator;optimal Savings Account Mouse;protocol indigo Home Loan Account;Customer-focused
